City ID,City,Cloudiness,Country,Date,Humidity,Lat,Lng,Max Temp,Wind Speed
0,Iskateley,95,RU,1619799923,85,67.6803,53.1512,30.13,1.45
1,Puducherry,16,IN,1619799924,75,11.93,79.83,84.54,11.3
2,Ushuaia,75,AR,1619799925,87,-54.8,-68.3,41.0,2.3
3,Albany,100,US,1619799654,72,42.6001,-73.9662,55.99,1.99
4,Boralday,90,KZ,1619799925,40,43.3578,76.8594,73.4,17.9
5,Avarua,75,CK,1619799926,94,-21.2078,-159.775,77.0,2.3
6,Vestmannaeyjar,75,IS,1619799926,57,63.4427,-20.2734,44.6,13.8
7,Mataura,58,NZ,1619799927,93,-46.1927,168.8643,43.0,3.0
8,Mayya,0,RU,1619799927,69,61.7333,130.2811,35.6,6.71
9,Mahébourg,40,MU,1619799927,78,-20.4081,57.7,78.8,12.66
10,Gorno-Altaysk,100,RU,1619799928,91,51.9561,85.955,45.63,2.75
11,Upernavik,92,GL,1619799928,76,72.7868,-56.1549,34.03,6.06
12,Bluff,52,NZ,1619799929,93,-46.6,168.3333,43.0,3.0
13,Hobart,2,AU,1619799929,82,-42.8794,147.3294,51.8,5.75
14,Barrow,90,US,1619799930,86,71.2906,-156.7887,19.4,4.61
15,Abu Samrah,0,SY,1619799931,23,35.3029,37.1841,78.24,18.1
16,Nhulunbuy,65,AU,1619799931,88,-12.2333,136.7667,75.2,5.75
17,Cherskiy,98,RU,1619799932,100,68.75,161.3,-2.36,2.17
18,Lavrentiya,28,RU,1619799932,92,65.5833,-171.0,11.25,5.39
19,Rikitea,49,PF,1619799651,74,-23.1203,-134.9692,78.8,19.1
20,Busselton,88,AU,1619799933,97,-33.65,115.3333,50.0,3.67
21,Aberdeen,75,GB,1619799917,81,57.1437,-2.0981,46.0,4.61
22,Saskylakh,100,RU,1619799933,87,71.9167,114.0833,32.56,9.33
23,Tiksi,93,RU,1619799934,85,71.6872,128.8694,28.42,4.5
24,Kruisfontein,0,ZA,1619799934,68,-34.0033,24.7314,59.0,10.65
25,Hasaki,20,JP,1619799935,94,35.7333,140.8333,53.6,1.14
26,Cape Town,0,ZA,1619799714,59,-33.9258,18.4232,62.01,19.57
27,Torbay,75,CA,1619799935,61,47.6666,-52.7314,48.2,14.97
28,Bredasdorp,43,ZA,1619799936,58,-34.5322,20.0403,59.0,3.44
29,Arraial do Cabo,20,BR,1619799674,69,-22.9661,-42.0278,78.8,10.36
30,Chokurdakh,35,RU,1619799936,93,70.6333,147.9167,-1.37,4.83
31,Novy Urengoy,100,RU,1619799853,96,66.0833,76.6333,30.43,13.53
32,Sept-Îles,90,CA,1619799693,71,50.2001,-66.3821,46.99,18.41
33,Ribeira Grande,75,PT,1619799937,67,38.5167,-28.7,62.6,8.05
34,Punta Arenas,90,CL,1619799694,100,-53.15,-70.9167,41.0,9.22
35,Mount Gambier,99,AU,1619799801,58,-37.8333,140.7667,55.4,9.22
36,São Filipe,88,CV,1619799938,75,14.8961,-24.4956,73.47,16.82
37,East London,0,ZA,1619799939,77,-33.0153,27.9116,62.6,9.22
38,Chul'man,100,RU,1619799939,98,56.8479,124.9104,27.77,2.1
39,Cidreira,0,BR,1619799939,62,-30.1811,-50.2056,71.76,12.75
40,São Félix do Xingu,100,BR,1619799940,58,-6.6447,-51.995,87.3,2.42
41,Vaini,75,TO,1619799940,94,-21.2,-175.2,75.2,8.05
42,Hammerfest,90,NO,1619799941,93,70.6634,23.6821,26.6,21.85
43,Mar del Plata,0,AR,1619799754,64,-38.0023,-57.5575,69.01,18.41
44,Lagoa,9,PT,1619799942,60,39.05,-27.9833,57.88,4.54
45,Jamestown,75,US,1619799942,70,42.097,-79.2353,44.6,17.27
46,Tweed,98,CA,1619799942,89,44.4751,-77.3162,48.0,8.99
47,Castro,28,BR,1619799943,52,-24.7911,-50.0119,67.23,10.98
48,Pacific Grove,1,US,1619799943,72,36.6177,-121.9166,57.2,7.99
49,Fortuna,1,US,1619799944,93,40.5982,-124.1573,61.0,4.61
50,Petropavl,62,KZ,1619799658,64,54.8753,69.1628,44.76,13.31
51,Khandyga,100,RU,1619799944,99,62.6667,135.6,29.17,1.23
52,Mackenzie,90,CA,1619799945,76,55.2999,-123.1698,44.6,10.36
53,Lüderitz,0,NA,1619799945,49,-26.6481,15.1594,68.13,26.51
54,Thompson,75,CA,1619799743,41,55.7435,-97.8558,39.2,5.75
55,Clyde River,90,CA,1619799946,100,70.4692,-68.5914,23.0,2.3
56,Flinders,11,AU,1619799946,88,-34.5833,150.8552,59.0,1.01
57,Isiro,99,CD,1619799947,77,2.7739,27.616,74.19,3.96
58,Atuona,21,PF,1619799947,71,-9.8,-139.0333,78.69,5.35
59,Kushmurun,34,KZ,1619799947,46,52.4503,64.6311,51.06,10.04
60,Bria,96,CF,1619799798,48,6.5423,21.9863,84.78,4.14
61,Urrao,98,CO,1619799948,87,6.3152,-76.1342,60.01,2.04
62,Tasiilaq,20,GL,1619799829,60,65.6145,-37.6368,33.8,12.66
63,Poltavka,48,RU,1619799950,59,54.3663,71.7632,48.02,10.04
64,Khatanga,100,RU,1619799951,95,71.9667,102.5,31.19,8.75
65,Puerto Ayora,40,EC,1619799951,69,-0.7393,-90.3518,82.4,11.5
66,Iquique,0,CL,1619799736,52,-20.2208,-70.1431,69.8,16.11
67,New Norfolk,3,AU,1619799952,85,-42.7826,147.0587,51.01,3.06
68,Bambous Virieux,40,MU,1619799653,78,-20.3428,57.7575,78.8,12.66
69,Beira,20,MZ,1619799953,74,-19.8436,34.8389,82.0,12.59
70,Havre-St-Pierre,40,CA,1619799953,81,50.2334,-63.5986,48.2,11.5
71,Longyearbyen,75,SJ,1619799954,63,78.2186,15.6401,21.2,12.66
72,Bellmead,90,US,1619799954,94,31.594,-97.1089,66.2,9.22
73,Meadow Lake,1,US,1619799955,36,34.8014,-106.5436,63.0,8.05
74,Tandil,0,AR,1619799955,54,-37.3217,-59.1332,66.24,15.03
75,Agadez,0,NE,1619799955,4,19.75,10.25,101.44,10.38
76,Wajima,4,JP,1619799956,83,37.4,136.9,54.45,21.36
77,Pudozh,8,RU,1619799956,50,61.8099,36.5345,43.2,1.77
78,Yellowknife,90,CA,1619799951,86,62.456,-114.3525,28.4,14.97
79,Butaritari,80,KI,1619799957,75,3.0707,172.7902,82.56,10.65
80,Katsuura,20,JP,1619799958,82,35.1333,140.3,60.8,10.36
81,Çermik,75,TR,1619799958,72,38.1361,39.4493,60.8,9.22
82,Kapaa,75,US,1619799959,83,22.0752,-159.319,71.6,14.97
83,Labuhan,52,ID,1619799959,84,-6.8844,112.2051,79.65,6.15
84,Tateyama,0,JP,1619799960,75,34.9833,139.8667,61.0,5.01
85,Elizabeth City,8,US,1619799961,37,36.2946,-76.2511,77.0,5.99
86,San Cristobal,40,VE,1619799961,58,7.7669,-72.225,84.2,2.3
87,Dudinka,32,RU,1619799961,96,69.4058,86.1778,18.16,5.82
88,Qaanaaq,53,GL,1619799962,64,77.484,-69.3632,32.34,7.07
89,Athabasca,79,CA,1619799962,44,54.7169,-113.2854,60.8,10.36
90,Swan Hill,3,AU,1619799963,54,-35.3378,143.5544,59.02,7.7
91,George Town,40,MY,1619799762,100,5.4112,100.3354,77.0,3.44
92,Tiarei,75,PF,1619799964,88,-17.5333,-149.3333,77.0,12.66
93,Airai,100,TL,1619799964,88,-8.9266,125.4092,58.17,2.48
94,Klaksvík,75,FO,1619799964,60,62.2266,-6.589,39.2,10.36
95,Galle,43,LK,1619799965,82,6.0367,80.217,81.0,5.03
96,Saldanha,0,ZA,1619799966,51,-33.0117,17.9442,62.6,12.66
97,Tuktoyaktuk,20,CA,1619799966,79,69.4541,-133.0374,14.0,10.36
98,Geraldton,75,AU,1619799967,71,-28.7667,114.6,53.6,6.91
99,Luanda,20,AO,1619799967,83,-8.8368,13.2343,80.6,8.05
100,Calamar,40,CO,1619799968,62,10.2511,-74.9146,89.6,8.05
101,Dunedin,39,NZ,1619799682,69,-45.8742,170.5036,50.0,8.99
102,Saint Paul Harbor,1,US,1619799968,65,57.79,-152.4072,39.2,8.05
103,Campos Belos,100,BR,1619799890,49,-13.0367,-46.7717,83.46,7.27
104,Hermanus,3,ZA,1619799969,70,-34.4187,19.2345,57.99,1.99
105,Vila Velha,75,BR,1619799970,54,-20.3297,-40.2925,80.6,18.41
106,Kyzyl-Mazhalyk,100,RU,1619799970,69,51.1333,90.6,52.63,5.06
107,Ixtapa,40,MX,1619799971,74,20.7,-105.2,80.6,4.61
108,Chesma,74,RU,1619799971,46,53.8111,60.6533,44.92,6.98
109,Guerrero Negro,0,MX,1619799971,44,27.9769,-114.0611,73.87,8.32
110,Egvekinot,100,RU,1619799972,95,66.3167,-179.1667,15.69,3.8
111,Port Alfred,52,ZA,1619799972,74,-33.5906,26.891,63.0,15.75
112,Cravo Norte,100,CO,1619799973,91,6.3017,-70.2041,72.81,3.74
113,Buraidah,0,SA,1619799819,19,26.326,43.975,91.4,6.91
114,Pevek,100,RU,1619799974,97,69.7008,170.3133,10.51,9.33
115,Miles City,1,US,1619799974,42,46.4083,-105.8406,64.4,4.61
116,Porteirinha,73,BR,1619799975,42,-15.7433,-43.0283,84.18,13.96
117,Zyryanka,100,RU,1619799975,91,65.75,150.85,27.7,2.13
118,Kumluca,8,TR,1619799976,48,36.3703,30.2869,76.75,1.34
119,Ponta do Sol,20,PT,1619799976,52,32.6667,-17.1,66.99,10.36
120,Port Elizabeth,0,ZA,1619799977,72,-33.918,25.5701,60.8,20.71
121,Mogzon,5,RU,1619799977,81,51.7435,111.9606,29.5,1.77
122,Severo-Kuril'sk,100,RU,1619799978,92,50.6789,156.125,35.13,18.03
123,Nazareno,75,MX,1619799978,43,25.3833,-103.4167,73.4,6.69
124,Mandera,77,KE,1619799978,46,3.9366,41.867,89.56,5.28
125,Fort Nelson,75,CA,1619799979,81,58.8053,-122.7002,42.8,8.05
126,Beyneu,98,KZ,1619799979,14,45.3167,55.2,67.41,9.66
127,Nebug,2,RU,1619799980,78,44.1714,39.0036,57.18,0.89
128,Faya,40,SA,1619799980,32,18.3851,42.4509,71.6,16.11
129,Panjāb,88,AF,1619799981,71,34.388,67.0233,48.33,2.8
130,Huarmey,5,PE,1619799981,75,-10.0681,-78.1522,72.03,11.07
131,Sitka,90,US,1619799982,81,57.0531,-135.33,44.6,6.91
132,Ilulissat,20,GL,1619799982,56,69.2167,-51.1,37.4,4.61
133,Plettenberg Bay,7,ZA,1619799982,75,-34.0527,23.3716,58.51,4.23
134,Raudeberg,10,NO,1619799983,64,61.9875,5.1352,43.0,20.6
135,Camacha,20,PT,1619799983,52,33.0833,-16.3333,66.2,16.11
136,Bethel,75,US,1619799984,42,41.3712,-73.414,62.6,17.27
137,Pithora,34,IN,1619799984,18,21.2667,82.5167,89.33,6.78
138,Divinópolis,17,BR,1619799985,45,-20.1389,-44.8839,79.3,7.61
139,Progreso,75,MX,1619799985,51,21.2833,-89.6667,91.99,18.41
140,Conceição da Barra,91,BR,1619799986,62,-18.5933,-39.7322,79.93,13.24
141,Chui,0,UY,1619799986,47,-33.6971,-53.4616,70.34,7.87
142,Poum,93,NC,1619799987,69,-20.2333,164.0167,75.51,10.8
143,Port Macquarie,29,AU,1619799987,99,-31.4333,152.9167,60.01,1.99
144,Mitsamiouli,20,KM,1619799988,79,-11.3847,43.2844,84.2,9.22
145,Coquimbo,0,CL,1619799735,63,-29.9533,-71.3436,64.4,10.36
146,Touros,75,BR,1619799988,83,-5.1989,-35.4608,80.6,9.22
147,Inhambane,1,MZ,1619799989,72,-23.865,35.3833,75.47,7.25
148,City of San Pedro,75,PH,1619799735,78,14.35,121.0167,82.4,5.75
149,Formosa,0,AR,1619799989,50,-26.1775,-58.1781,78.8,12.66
150,Mocorito,0,MX,1619799990,55,25.4833,-107.9167,79.0,5.01
151,Amazar,17,RU,1619799990,92,53.858,120.875,30.42,3.58
152,Olafsvik,53,IS,1619799991,65,64.8945,-23.7142,38.28,22.39
153,Auki,97,SB,1619799991,86,-8.7676,160.7034,76.78,3.2
154,Hilo,90,US,1619799891,83,19.7297,-155.09,71.6,5.75
155,Verkhnevilyuysk,100,RU,1619799992,97,63.4453,120.3167,30.02,4.45
156,Kaitangata,39,NZ,1619799992,73,-46.2817,169.8464,46.0,7.0
157,Saint George,1,US,1619799993,20,37.1041,-113.5841,77.0,1.95
158,Barabinsk,7,RU,1619799993,65,55.3571,78.357,45.46,8.55
159,Lake Shasta,1,US,1619799994,46,40.6804,-122.3708,73.99,3.44
160,Sulina,29,RO,1619799994,76,45.1559,29.6536,59.4,12.21
161,Sur,94,OM,1619799994,32,22.5667,59.5289,89.26,8.03
162,Quepos,20,CR,1619799995,50,9.4236,-84.1652,82.4,13.8
163,Souillac,40,MU,1619799996,78,-20.5167,57.5167,78.8,12.66
164,Urucará,34,BR,1619799996,47,-2.5364,-57.76,92.37,2.95
165,Itarema,88,BR,1619799996,59,-2.9248,-39.9167,86.95,9.51
166,Dikson,89,RU,1619799954,95,73.5069,80.5464,8.8,8.81
167,Lakatoro,72,VU,1619799997,80,-16.0999,167.4164,78.22,10.56
168,Provideniya,98,RU,1619799998,74,64.3833,-173.3,26.22,2.62
169,Mil'kovo,100,RU,1619799998,89,54.7167,158.6167,32.23,2.8
170,Saint-Augustin,97,CA,1619799999,76,51.226,-58.6502,43.29,7.11
171,Hong Kong,83,HK,1619799999,84,22.2855,114.1577,77.0,3.83
172,Najrān,75,SA,1619800000,32,17.4924,44.1277,82.4,9.22
173,Lebu,100,CL,1619800000,80,-37.6167,-73.65,58.55,17.02
174,Alyangula,5,AU,1619800001,100,-13.8483,136.4192,71.6,11.01
175,Zambezi,67,ZM,1619800001,79,-13.5432,23.1047,71.33,2.77
176,Kumul,0,CN,1619800002,12,42.8,93.45,76.57,3.31
177,Vardø,20,NO,1619800002,74,70.3705,31.1107,26.6,20.71
178,Ruidoso,1,US,1619800003,54,33.3317,-105.673,53.01,12.66
179,Puerto Escondido,40,MX,1619800003,78,15.85,-97.0667,82.4,6.91
180,Watertown,90,US,1619799793,55,42.3709,-71.1828,62.01,20.71
181,Ahipara,100,NZ,1619800004,84,-35.1667,173.1667,59.16,8.23
182,Kahului,90,US,1619799951,100,20.8947,-156.47,71.6,16.11
183,Havøysund,75,NO,1619800004,74,70.9963,24.6622,32.0,33.38
184,Puerto del Rosario,75,ES,1619800005,53,28.5004,-13.8627,71.6,20.71
185,Celestún,0,MX,1619800005,54,20.8667,-90.4,87.4,9.44
186,Manzhouli,27,CN,1619800006,58,49.6,117.4333,35.6,5.55
187,Blagoyevo,99,RU,1619800006,64,63.3667,47.9167,38.39,3.87
188,Isangel,76,VU,1619800007,77,-19.55,169.2667,76.57,14.97
189,Springbok,0,ZA,1619800007,21,-29.6643,17.8865,63.27,6.78
190,Rio Grande,20,BR,1619799982,60,-32.035,-52.0986,75.2,9.22
191,Salta,40,AR,1619800008,59,-24.7859,-65.4117,66.2,5.75
192,Calbuco,90,CL,1619800008,94,-41.768,-73.1273,55.4,18.41
193,Norman Wells,40,CA,1619800009,55,65.282,-126.8329,35.6,5.75
194,Faanui,96,PF,1619800009,80,-16.4833,-151.75,78.71,6.78
195,Carnot,99,CF,1619800010,52,4.9409,15.8665,85.87,3.49
196,Mumford,100,GH,1619800010,66,5.2618,-0.759,84.85,11.34
197,Talaya,100,RU,1619800011,80,61.3833,152.75,28.31,2.91
198,Belozërskoye,72,RU,1619800011,41,55.8214,65.5842,43.86,12.17
199,São Raimundo Nonato,79,BR,1619799864,33,-9.0153,-42.6994,91.47,10.92
200,Oistins,20,BB,1619799966,51,13.0667,-59.5333,86.0,19.57
201,Tuatapere,49,NZ,1619800012,93,-46.1333,167.6833,43.0,3.0
202,Fairbanks,90,US,1619799812,86,64.8378,-147.7164,30.2,11.5
203,Naze,100,JP,1619799744,75,28.3667,129.4833,65.43,14.76
204,Broken Hill,22,AU,1619800013,42,-31.95,141.4333,64.4,9.22
205,Natori,55,JP,1619800014,72,38.1691,140.8823,53.55,5.14
206,Lethem,73,GY,1619800014,71,3.3803,-59.7968,80.37,7.23
207,Jutaí,83,BR,1619800015,92,-5.1833,-68.9,77.59,4.36
208,Namatanai,36,PG,1619800016,80,-3.6667,152.4333,78.67,3.53
209,Barrhead,99,GB,1619800016,46,55.7992,-4.3929,51.01,5.75
210,Hithadhoo,37,MV,1619799948,73,-0.6,73.0833,84.09,7.65
211,Cayenne,75,GF,1619800017,83,4.9333,-52.3333,82.0,5.75
212,Kristinestad,3,FI,1619800017,60,62.2743,21.376,39.27,8.93
213,Bilibino,25,RU,1619800018,96,68.0546,166.4372,-3.44,3.94
214,Half Moon Bay,90,US,1619800018,87,37.4636,-122.4286,61.0,9.22
215,Paita,0,PE,1619800018,61,-5.0892,-81.1144,82.4,13.8
216,Andalan,94,PH,1619800019,73,5.9594,121.3903,81.28,3.4
217,Batagay-Alyta,78,RU,1619799966,99,67.8006,130.4114,18.61,3.09
218,Sinnamary,100,GF,1619800020,93,5.3833,-52.95,75.63,6.44
219,Beyşehir,0,TR,1619800020,38,37.6773,31.7246,69.91,12.08
220,Arman',100,RU,1619800020,90,59.7,150.1667,30.07,1.72
221,Sligo,75,IE,1619800021,50,54.2697,-8.4694,50.0,6.91
222,Wana,98,PK,1619800023,37,32.2989,69.5725,74.5,3.96
223,Ucluelet,90,CA,1619800023,100,48.9329,-125.5528,50.0,8.05
224,Dingle,33,PH,1619800023,69,10.9995,122.6711,76.66,5.1
225,Pundaguitan,99,PH,1619800024,76,6.3711,126.1689,82.81,13.89
226,Petropavlovsk-Kamchatskiy,90,RU,1619800019,87,53.0452,158.6483,35.6,2.24
227,Shubarkuduk,17,KZ,1619800025,40,49.1447,56.4872,54.27,6.96
228,Okakarara,70,NA,1619800025,30,-20.5833,17.4333,78.15,2.17
229,Muros,59,ES,1619800026,51,42.7762,-9.0603,60.01,15.75
230,Quang Ngai,21,VN,1619800026,92,15.1167,108.8,75.81,2.24
231,Marsaxlokk,0,MT,1619800026,73,35.8419,14.5431,69.8,9.22
232,Bouar,100,CF,1619800027,58,5.934,15.596,78.44,6.44
233,Mount Isa,0,AU,1619800027,37,-20.7333,139.5,69.8,11.1
234,Gamba,100,GA,1619800028,75,-2.65,10.0,81.48,4.94
235,Houma,75,US,1619799960,74,29.5958,-90.7195,86.0,3.13
236,Dossor,3,KZ,1619800028,20,47.5272,52.9811,64.58,9.01
237,Karratha,1,AU,1619800029,45,-20.7377,116.8463,82.18,6.93
238,Laas,40,IT,1619800029,76,46.6166,10.7002,68.0,10.36
239,Yangi Marg`ilon,82,UZ,1619800030,23,40.4272,71.7189,77.0,16.11
240,Jablanica,20,BA,1619800026,36,43.6603,17.7617,78.8,5.75
241,Solnechnyy,83,RU,1619800031,91,50.7214,136.6319,31.51,6.69
242,Kiryat Gat,1,IL,1619800031,46,31.61,34.7642,80.01,10.69
243,Lompoc,90,US,1619800031,100,34.6391,-120.4579,59.0,6.91
244,Anaconda,1,US,1619800032,41,46.1285,-112.9423,63.0,5.75
245,Mehamn,75,NO,1619800032,93,71.0357,27.8492,30.2,36.82
246,Ponta Delgada,75,PT,1619800033,67,37.7333,-25.6667,59.0,12.66
247,Carnarvon,83,AU,1619800033,73,-24.8667,113.6333,69.8,12.66
248,Anadyr,75,RU,1619800034,86,64.75,177.4833,17.6,8.95
249,Lamu,79,KE,1619800034,78,-2.2717,40.902,81.54,12.41
250,Kaeo,96,NZ,1619800035,95,-35.1,173.7833,55.0,5.01
251,Pierre,1,US,1619800035,47,44.3683,-100.351,57.2,13.8
252,Pahrump,5,US,1619800035,12,36.2083,-115.9839,81.0,3.22
253,Urengoy,100,RU,1619800036,97,65.9667,78.3667,32.58,14.5
254,Havelock,1,US,1619799790,26,34.8791,-76.9013,81.0,12.66
255,Moshenskoye,100,RU,1619800037,98,58.5102,34.5911,39.34,5.35
256,Port Lincoln,100,AU,1619800037,39,-34.7333,135.8667,66.6,8.93
257,Nome,1,US,1619800038,73,64.5011,-165.4064,15.8,5.95
258,Sørland,40,NO,1619800038,60,67.667,12.6934,37.4,16.11
259,Alice Springs,0,AU,1619800038,50,-23.7,133.8833,51.8,4.61
260,Tahoua,0,NE,1619800039,8,14.8888,5.2692,107.6,2.3
261,Resende,82,BR,1619800039,67,-22.4689,-44.4467,71.11,4.61
262,Henties Bay,0,NA,1619800040,84,-22.116,14.2845,62.01,5.99
263,Aleksandrovskoye,77,RU,1619800040,59,44.7142,43.0008,66.2,13.42
264,Ancud,90,CL,1619800041,100,-41.8697,-73.8203,55.99,12.66
265,Altay,87,CN,1619800041,32,47.8667,88.1167,63.77,7.11
266,Iqaluit,75,CA,1619800032,75,63.7506,-68.5145,35.6,12.66
267,Kloulklubed,75,PW,1619800042,89,7.0419,134.2556,78.8,3.44
268,Clarence Town,75,AU,1619800042,100,-32.5833,151.7833,63.0,2.68
269,The Valley,20,AI,1619800042,69,18.217,-63.0578,84.2,18.41
270,Sharjah city,0,AE,1619800043,45,25.3573,55.4033,86.0,6.91
271,Ürümqi,0,CN,1619800043,16,43.801,87.6005,77.0,8.95
272,Cabo San Lucas,1,MX,1619800044,31,22.8909,-109.9124,79.0,5.75
273,Ust-Nera,97,RU,1619800044,96,64.5667,143.2,27.77,2.04
274,Vila,27,PT,1619800044,57,42.0304,-8.1588,55.99,4.0
275,Arlit,0,NE,1619800045,3,18.7369,7.3853,108.05,16.17
276,Voh,80,NC,1619800045,75,-20.9667,164.7,69.75,4.88
277,Nouadhibou,0,MR,1619800046,69,20.931,-17.0347,75.2,19.57
278,Ségou,46,ML,1619800046,15,13.4317,-6.2157,105.03,8.68
279,Moïssala,89,TD,1619800047,41,8.3404,17.7663,89.31,5.23
280,Codrington,72,AU,1619800030,48,-38.2667,141.9667,57.0,9.35
281,Aykhal,100,RU,1619800048,98,66.0,111.5,26.64,3.15
282,Aldama,90,MX,1619800048,82,22.9167,-98.0667,79.0,7.0
283,Doha,0,QA,1619800048,39,25.2867,51.5333,88.0,2.3
284,Wasilla,90,US,1619800049,86,61.5814,-149.4394,36.0,5.75
285,Matara,43,LK,1619800049,88,5.9485,80.5353,78.42,4.29
286,Los Llanos de Aridane,40,ES,1619800050,56,28.6585,-17.9182,69.8,20.71
287,Matagami,90,CA,1619800050,75,49.7502,-77.6328,33.8,24.16
288,Lingsugūr,29,IN,1619800051,20,16.1667,76.5167,93.81,9.08
289,Timizart,93,DZ,1619800051,69,36.8,4.2667,65.21,6.71
290,Takoradze,76,GH,1619800052,62,4.8845,-1.7554,86.04,10.67
291,Ventnor City,75,US,1619800052,39,39.3404,-74.4774,70.0,29.93
292,Kalmunai,63,LK,1619799962,80,7.4167,81.8167,81.41,8.25
293,Esperance,40,AU,1619800010,93,-33.8667,121.9,48.2,5.75
294,Cam Ranh,20,VN,1619800053,78,11.9214,109.1591,80.6,5.75
295,Lorengau,95,PG,1619800054,78,-2.0226,147.2712,80.38,2.44
296,Caher,89,IE,1619800054,89,52.3769,-7.9217,55.99,8.01
297,Tomelloso,40,ES,1619800054,44,39.1522,-3.0243,60.8,9.22
298,Constitución,100,CL,1619800055,79,-35.3333,-72.4167,58.75,10.69
299,Pernem,20,IN,1619800055,79,15.7167,73.8,86.0,9.22
300,Wanning,14,CN,1619800056,83,18.8003,110.3967,76.57,3.47
301,Tacuarembó,0,UY,1619800056,46,-31.7333,-55.9833,72.9,8.28
302,General Roca,0,AR,1619800057,52,-39.0333,-67.5833,64.4,5.75
303,Xuchang,0,CN,1619800057,44,34.0167,113.8167,60.8,8.95
304,Mildura,13,AU,1619800018,50,-34.2,142.15,55.4,5.75
305,Ukiah,1,US,1619800006,47,39.1502,-123.2078,61.0,3.38
306,Mayo,75,US,1619800058,42,38.8876,-76.5119,70.0,14.97
307,Ostrovnoy,100,RU,1619800058,81,68.0531,39.5131,27.88,15.39
308,Kutum,8,SD,1619800059,10,14.2,24.6667,91.18,10.63
309,Webuye,75,KE,1619800059,43,0.6075,34.7697,71.6,5.75
310,Kyshtovka,35,RU,1619800060,56,56.555,76.6271,45.27,7.61
311,Liwale,99,TZ,1619800061,95,-9.7667,37.9333,70.83,3.53
312,Yulara,76,AU,1619800061,37,-25.2406,130.9889,53.6,3.44
313,Kiyevskoye,75,RU,1619800061,87,45.0383,37.8883,53.6,8.95
314,Shache,13,CN,1619800062,11,38.4167,77.2406,75.07,4.81
315,Bengkulu,100,ID,1619800062,87,-3.8004,102.2655,77.67,5.48
316,Nanortalik,6,GL,1619800063,65,60.1432,-45.2371,41.83,5.99
317,Istok,0,XK,1619800063,24,42.7808,20.4875,78.8,12.66
318,Wyndham,75,US,1619800064,35,37.6985,-77.6125,75.0,16.11
319,Pastavy,20,BY,1619800064,70,55.1168,26.8326,52.59,13.0
320,Bathsheba,20,BB,1619800065,51,13.2167,-59.5167,86.0,19.57
321,Cooma,1,AU,1619800065,93,-36.2333,149.1333,37.4,8.05
322,Pangnirtung,75,CA,1619800066,93,66.1451,-65.7125,32.0,3.44
323,Kitob,69,UZ,1619800066,52,39.0843,66.8332,66.2,13.8
324,Sola,100,VU,1619800066,74,-13.8833,167.55,81.16,19.1
325,San Vicente,1,AR,1619800067,29,-26.6167,-54.1333,75.74,4.56
326,Poronaysk,100,RU,1619800067,85,49.2167,143.1167,34.93,20.31
327,Khovd,100,MN,1619800068,26,48.0056,91.6419,63.23,10.74
328,Caceres,52,ES,1619800068,45,39.522,-6.3748,64.99,1.99
329,Smyrna,90,US,1619800069,45,33.884,-84.5144,71.01,12.66
330,Aklavik,100,CA,1619800069,86,68.2191,-135.0107,23.0,6.91
331,Luganville,86,VU,1619800069,81,-15.5333,167.1667,78.55,9.04
332,Strand,0,ZA,1619800070,59,-34.1069,18.8275,62.01,19.57
333,Marang,40,MY,1619800070,94,5.2056,103.2059,78.8,3.44
334,Ozernovskiy,65,RU,1619800071,85,51.5,156.5167,36.23,6.24
335,Coyhaique,75,CL,1619800071,62,-45.5752,-72.0662,57.2,5.75
336,Sorong,96,ID,1619800072,83,-0.8833,131.25,79.12,2.75
337,Hualmay,3,PE,1619800072,73,-11.0964,-77.6139,71.2,9.31
338,Laguna,1,US,1619799817,55,38.421,-121.4238,66.99,4.61
339,Kupang,37,ID,1619800073,83,-10.1667,123.5833,76.42,5.08
340,Rovaniemi,40,FI,1619799908,69,66.5,25.7167,28.4,5.75
341,Saint-Pierre,0,RE,1619800074,83,-21.3393,55.4781,77.0,4.61
342,Mpika,20,ZM,1619800074,86,-11.8343,31.4529,64.67,4.72
343,Alenquer,75,BR,1619800075,79,-1.9417,-54.7383,84.2,8.05
344,Belaya Gora,100,RU,1619800076,90,68.5333,146.4167,25.3,8.99
345,Severo-Yeniseyskiy,95,RU,1619800076,96,60.3725,93.0408,33.3,9.55
346,Vao,90,NC,1619800076,61,-22.6667,167.4833,74.3,20.15
347,Nouakchott,11,MR,1619799825,61,18.0858,-15.9785,77.0,23.02
348,Ngaoundéré,98,CM,1619800077,69,7.3167,13.5833,73.94,1.88
349,Ulstrup,96,DK,1619800077,66,56.3899,9.7935,48.0,3.0
350,Lyantonde,98,UG,1619800078,88,-0.4031,31.1572,66.72,2.39
351,Grindavik,75,IS,1619800078,65,63.8424,-22.4338,41.0,24.16
352,Kathmandu,40,NP,1619799925,77,27.7167,85.3167,62.6,4.61
353,Isla Vista,1,US,1619799803,72,34.4133,-119.861,79.0,4.61
354,Saint-Philippe,0,RE,1619800079,83,-21.3585,55.7679,77.0,4.61
355,Dutlwe,54,BW,1619800080,37,-23.9833,23.9,71.46,15.5
356,San Juan,96,AR,1619799812,36,-31.5375,-68.5364,73.29,2.71
357,Nikolskoye,0,RU,1619800080,42,59.7035,30.7861,46.99,13.42
358,Meulaboh,89,ID,1619800081,85,4.1363,96.1285,78.94,3.87
359,Assiut,0,EG,1619800081,12,27.181,31.1837,100.4,10.36
360,Bonthe,96,SL,1619799956,60,7.5264,-12.505,87.75,13.73
361,Orchard Homes,1,US,1619800082,35,46.8633,-114.0484,62.01,3.29
362,Nadadores,75,MX,1619800082,68,27.05,-101.6,66.2,4.61
363,Killybegs,75,IE,1619800082,50,54.6333,-8.45,50.0,6.91
364,Balakhninskiy,12,RU,1619800083,94,58.0106,114.2769,26.13,3.4
365,Flers,20,FR,1619799796,54,48.7372,-0.5747,51.8,8.05
366,Grafton,90,US,1619800084,62,42.207,-71.6856,60.01,24.16
367,Tual,42,ID,1619800084,75,-5.6667,132.75,82.63,11.48
368,Riyadh,0,SA,1619800084,9,24.6877,46.7219,96.8,11.5
369,Cairns,40,AU,1619799915,73,-16.9167,145.7667,73.4,10.36
370,Oxford,40,GB,1619799811,50,51.7522,-1.256,52.0,3.44
371,Te Anau,24,NZ,1619800085,93,-45.4167,167.7167,39.94,1.32
372,Mt. Pleasant,1,US,1619799998,50,32.7941,-79.8626,84.99,6.91
373,Lukovetskiy,40,RU,1619800086,75,64.2956,41.9211,37.4,4.47
374,Ishigaki,83,JP,1619800086,88,24.3448,124.1572,74.73,11.79
375,Adrar,87,MR,1619800087,22,20.5022,-10.0711,91.76,1.72
376,Monforte de Lemos,8,ES,1619800082,54,42.5216,-7.5142,53.01,1.99
377,Sumkino,58,RU,1619800088,43,58.1108,68.3244,41.68,10.76
378,Artyom,0,AZ,1619800088,88,40.4723,50.333,57.2,6.91
379,Nishihara,75,JP,1619800088,78,26.1842,127.7558,71.6,6.91
380,Galeana,11,MX,1619800089,52,24.8333,-100.0667,71.01,5.99
381,Sungai Penuh,100,ID,1619800089,92,-2.0833,101.3833,66.2,3.69
382,Moctezuma,0,MX,1619800090,31,29.8,-109.6667,71.01,12.12
383,Carutapera,100,BR,1619800090,95,-1.195,-46.02,74.28,6.44
384,Dubbo,0,AU,1619799827,82,-32.25,148.6167,59.0,13.8
385,Barentu,93,ER,1619800091,21,15.1139,37.5928,89.87,13.33
386,Kargasok,25,RU,1619800092,75,59.0556,80.8572,41.95,13.94
387,Selma,40,US,1619800092,28,36.5708,-119.6121,77.0,6.91
388,Russell,1,US,1619800093,53,32.3502,-85.1999,77.0,6.91
389,Anloga,20,GH,1619800093,66,5.7947,0.8973,87.8,13.8
390,Coolum Beach,100,AU,1619800094,99,-26.5333,153.1,64.0,1.01
391,Newport,58,GB,1619799960,61,51.5877,-2.9984,53.01,3.0
392,Hambantota,75,LK,1619800094,100,6.1241,81.1185,78.8,2.3
393,Hay River,100,CA,1619800095,93,60.8156,-115.7999,33.8,3.44
394,Derzhavīnsk,46,KZ,1619800095,40,51.1,66.3167,53.15,7.85
395,Padang,20,ID,1619799860,94,-0.9492,100.3543,77.0,2.3
396,Baoqing,100,CN,1619799952,62,46.3317,132.2111,46.76,4.21
397,Anakapalle,20,IN,1619799886,84,17.6833,83.0167,84.2,5.75
398,Bom Jesus,79,BR,1619800096,31,-9.0744,-44.3586,94.93,7.74
399,Hermosillo,1,MX,1619799869,16,29.0667,-110.9667,84.2,18.41
400,Xichang,89,CN,1619800097,62,27.8964,102.2634,61.54,2.04
401,Rock Sound,78,BS,1619800097,75,24.9,-76.2,77.25,8.93
402,Gemeente Wageningen,90,NL,1619800098,87,51.9667,5.6667,51.01,5.75
403,Novyy Buh,0,UA,1619800098,52,47.6931,32.5216,66.2,13.42
404,Abéché,3,TD,1619800099,8,13.8292,20.8324,101.21,7.34
405,Xinqing,98,CN,1619800099,62,48.2333,129.5,43.21,4.12
406,Stenlille,90,DK,1619800100,66,55.5402,11.5915,51.01,8.05
407,Misratah,99,LY,1619800100,44,32.3754,15.0925,82.81,13.24
408,Kavieng,80,PG,1619800101,76,-2.5744,150.7967,81.55,4.99
409,Garissa,85,KE,1619800101,42,-0.4536,39.6401,89.98,17.2
410,Changli,27,CN,1619800101,68,39.7042,119.1506,44.73,6.04
411,Maturin,99,VE,1619800102,54,9.75,-63.1767,85.35,4.63
412,Lata,40,PT,1619800102,48,40.1629,-8.3327,64.99,18.41
413,Palmeira das Missões,0,BR,1619800103,28,-27.8994,-53.3136,73.69,8.66
414,Baker City,1,US,1619800103,44,44.7749,-117.8344,63.0,2.33
415,Jiuquan,41,CN,1619800104,9,39.7432,98.5174,69.28,11.36
416,Skeldon,48,GY,1619800104,84,5.8833,-57.1333,80.13,4.68
417,Van,75,TR,1619799883,67,38.4924,43.3831,55.4,9.22
418,Sebezh,90,RU,1619800105,90,56.2955,28.4654,44.13,9.6
419,Baruun-Urt,29,MN,1619800105,53,46.6806,113.2792,34.38,12.62
420,Lufilufi,20,WS,1619800106,94,-13.8745,-171.5986,75.2,10.78
421,Salalah,75,OM,1619800106,84,17.0151,54.0924,84.2,9.22
422,Gmina Lwówek Śląski,93,PL,1619800106,65,51.1107,15.5858,53.01,1.99
423,Izumo,75,JP,1619800107,93,35.3667,132.7667,51.8,3.44
424,Bousso,77,TD,1619800107,19,10.4795,16.7117,101.8,2.19
425,Onega,100,RU,1619800108,74,63.9061,38.1404,37.53,8.52
426,Susanville,1,US,1619800108,34,40.4163,-120.653,66.99,3.36
427,Talcahuano,90,CL,1619800109,77,-36.7167,-73.1167,59.0,11.5
428,Tingo María,20,PE,1619800109,61,-9.2895,-76.0088,80.6,3.44
429,Mogadishu,43,SO,1619800011,72,2.0371,45.3438,83.12,10.31
430,Avera,1,US,1619800110,47,33.194,-82.5271,78.8,11.5
431,Pochutla,90,MX,1619800110,58,15.7432,-96.4661,89.01,11.5
432,Montes Altos,40,BR,1619800110,74,-5.8333,-47.0667,84.2,6.91
433,Bay Roberts,75,CA,1619800111,61,47.5999,-53.2648,48.2,14.97
434,Mayumba,100,GA,1619800111,80,-3.432,10.6554,81.64,6.2
435,Narsaq,20,GL,1619800112,25,60.9167,-46.05,59.0,20.71
436,Sabang,100,ID,1619800070,69,5.8933,95.3214,83.43,3.0
437,Torrington,80,US,1619800112,71,41.8007,-73.1212,57.99,5.01
438,Vuktyl,91,RU,1619800113,45,63.8567,57.3094,39.6,5.53
439,Antalaha,42,MG,1619800113,90,-14.9003,50.2788,76.08,7.99
440,Kasungu,20,MW,1619800114,79,-13.0333,33.4833,68.72,6.06
441,Vanimo,79,PG,1619800114,88,-2.6741,141.3028,78.39,6.24
442,Pouébo,83,NC,1619800115,78,-20.4,164.5667,71.98,14.65
443,Barra de Tecoanapa,54,MX,1619800115,60,16.5167,-98.75,85.39,7.78
444,Peno,100,RU,1619800116,94,56.9262,32.7426,46.08,5.66
445,Impfondo,99,CG,1619799964,70,1.6381,18.0667,82.27,2.59
446,Nova Londrina,30,BR,1619800117,25,-22.7658,-52.985,83.16,11.21
447,Asha,69,RU,1619800117,61,54.9973,57.2722,42.67,2.75
448,Launceston,0,AU,1619800020,100,-41.45,147.1667,51.01,4.61
449,Woodward,1,US,1619800118,32,36.4337,-99.3904,71.6,4.61
450,Karpathos,0,GR,1619800118,57,35.507,27.2132,75.2,4.61
451,Oranjemund,0,NA,1619800119,75,-28.55,16.4333,59.85,17.98
452,Aranos,0,NA,1619800119,24,-24.1333,19.1167,68.61,10.02
453,Zeerust,20,ZA,1619800119,51,-25.5369,26.0751,62.6,5.75
454,São João da Barra,75,BR,1619800120,65,-21.6403,-41.0511,77.0,13.8
455,Międzyrzec Podlaski,62,PL,1619800120,66,51.9864,22.7825,53.62,14.16
456,Portland,75,US,1619800121,67,45.5234,-122.6762,57.2,8.05
457,Basco,1,PH,1619800121,80,20.4487,121.9702,78.06,6.51
458,Burnie,19,AU,1619800122,92,-41.0667,145.9167,54.0,3.0
459,Awjilah,0,LY,1619800122,7,29.1081,21.2869,102.4,9.48
460,Olinda,75,BR,1619800123,83,-8.0089,-34.8553,77.0,11.5
461,Atar,5,MR,1619799991,15,20.5169,-13.0499,93.22,10.27
462,Manturovo,100,RU,1619800124,92,58.3353,44.7619,45.3,12.37
463,Mirny,100,RU,1619800124,96,62.5353,113.9611,30.34,3.4
464,Qiqihar,86,CN,1619800124,50,47.3408,123.9672,45.05,4.25
465,Bac Lieu,12,VN,1619800125,72,9.285,105.7244,84.07,7.23
466,Nelson Bay,75,AU,1619800125,100,-32.7167,152.15,63.0,9.8
467,Elizabeth,75,US,1619799851,39,40.664,-74.2107,66.2,20.71
468,Suez,1,EG,1619800126,15,29.9737,32.5263,88.52,19.73
469,Lincoln Village,75,US,1619800127,55,39.9548,-83.1307,61.0,12.66
470,Cochrane,1,CA,1619800127,27,51.1834,-114.4687,64.4,28.77
471,Hailar,100,CN,1619800127,72,49.2,119.7,38.03,2.89
472,Taltal,50,CL,1619800128,67,-25.4,-70.4833,67.77,8.28
473,Eureka,1,US,1619800128,76,40.8021,-124.1637,55.99,3.44
474,Moindou,0,NC,1619800129,68,-21.6924,165.677,69.8,2.3
475,San Fernando del Valle de Catamarca,2,AR,1619800129,54,-28.4696,-65.7852,79.0,10.0
476,Edson,1,CA,1619800130,29,53.5835,-116.4356,60.8,13.8
477,Stabat,40,ID,1619800130,83,3.761,98.4513,78.8,3.44
478,Sanson,100,NZ,1619800131,75,-40.2167,175.4167,55.0,3.0
479,Raja,95,SS,1619800131,40,8.4596,25.678,85.48,4.34
480,Mareeba,40,AU,1619800131,73,-17.0,145.4333,73.4,10.36
481,Araouane,81,ML,1619800132,21,18.9048,-3.5265,96.1,9.82
482,Eldama Ravine,75,KE,1619800132,43,0.0516,35.7308,71.6,5.75
483,Murgab,90,TM,1619800133,50,37.4966,61.9714,77.0,12.64
484,Sisimiut,42,GL,1619800133,69,66.9395,-53.6735,39.42,5.41
485,Yasnogorsk,98,RU,1619800134,82,54.4803,37.6975,53.96,21.14
486,Mola di Bari,95,IT,1619799906,39,41.0609,17.0873,78.01,10.85
487,Jacareacanga,53,BR,1619800134,47,-6.2222,-57.7528,91.65,3.13
488,Capreol,90,CA,1619800135,64,46.706,-80.9225,37.99,24.16
489,Stornoway,20,GB,1619800135,66,58.2093,-6.3865,46.99,13.8
490,Forsytheganj,100,BY,1619800136,92,52.6333,29.7333,54.23,3.69
491,Quthing,99,LS,1619800136,86,-30.4,27.7003,46.35,6.73
492,Tombouctou,100,ML,1619800137,22,20.0,-3.0,92.59,13.13
493,Skalat,96,UA,1619800137,87,49.4273,25.9787,55.92,11.1
494,Bhuj,95,IN,1619800138,61,23.2667,69.6667,83.77,16.04
495,Lengshuijiang,66,CN,1619800138,68,27.6881,111.4294,69.64,3.11
496,Nizwá,69,OM,1619800138,41,22.9333,57.5333,78.73,3.91
497,Newry,91,GB,1619800139,68,54.1784,-6.3374,48.0,4.0
498,Hutchinson,1,US,1619799898,25,38.0608,-97.9298,73.99,6.91
499,Muravlenko,100,RU,1619800139,93,63.7898,74.523,31.26,16.6
500,Srednekolymsk,28,RU,1619800140,97,67.45,153.6833,4.86,6.53
501,Moranbah,0,AU,1619800140,93,-22.0016,148.0466,61.65,9.17
502,Tezu,67,IN,1619800141,33,27.9167,96.1667,80.73,4.45
503,Okhotsk,95,RU,1619800090,80,59.3833,143.3,32.16,5.53
504,Berlevåg,75,NO,1619800141,80,70.8578,29.0864,28.4,24.16
505,Sigli,91,ID,1619800142,81,5.3848,95.9609,79.83,3.62
506,Margate,5,GB,1619800055,57,51.3813,1.3862,54.0,1.99
507,Parakou,97,BJ,1619800142,25,9.3372,2.6303,98.33,7.0
508,Ayagoz,99,KZ,1619800143,69,47.9714,80.4392,48.94,19.51
509,Cockburn Town,40,TC,1619800132,61,21.4612,-71.1419,80.6,11.5
510,Yeppoon,40,AU,1619800144,82,-23.1333,150.7333,64.4,6.91
511,Honiara,80,SB,1619800144,83,-9.4333,159.95,76.17,4.85
512,Harlingen,90,US,1619800065,73,26.1906,-97.6961,77.0,11.5
513,Iwanai,100,JP,1619800145,92,42.9744,140.5089,42.55,11.54
514,Shellbrook,75,CA,1619800145,30,53.2168,-106.4011,53.6,14.97
515,Kieta,68,PG,1619800146,81,-6.2167,155.6333,78.22,1.54
516,Kuytun,100,RU,1619800146,82,54.3419,101.5036,42.76,9.46
517,Noumea,0,NC,1619799905,68,-22.2763,166.4572,75.0,2.3
518,Binzhou,3,CN,1619800147,75,37.3667,118.0167,43.39,5.32
519,Igarka,89,RU,1619799853,87,67.4667,86.5833,30.85,12.26
520,Krasnovishersk,49,RU,1619800147,61,60.4078,57.082,35.33,3.4
521,Tabuk,80,PH,1619800148,88,17.4189,121.4443,75.79,1.36
522,Jogbani,40,IN,1619800149,41,26.4167,87.25,82.22,8.63
523,Emerald,9,AU,1619800149,94,-23.5333,148.1667,62.6,6.91
524,Genhe,97,CN,1619800149,96,50.7833,121.5167,35.24,4.61
525,Neuquén,0,AR,1619800085,52,-38.9516,-68.0591,64.4,5.75
526,Bulalacao,50,PH,1619800150,79,12.3254,121.3435,79.38,9.35
527,Gonder,100,ET,1619800151,44,12.6,37.4667,68.97,5.28
528,Haljala,4,EE,1619800151,49,59.4336,26.2614,41.99,7.31
529,Richards Bay,100,ZA,1619800152,88,-28.783,32.0377,66.27,16.98
530,Great Falls,1,US,1619800152,28,47.5002,-111.3008,72.0,24.16
531,Americus,1,US,1619800153,50,32.0724,-84.2327,78.8,5.75
532,Akle,75,PH,1619800153,83,15.0482,121.0733,82.99,4.61
533,Caucayá,93,CO,1619800154,85,-0.1934,-74.7819,78.62,1.61
534,Bubaque,64,GW,1619800154,67,11.2833,-15.8333,79.39,19.73
535,Biak,71,ID,1619800154,80,-0.9131,122.8766,76.89,1.52
536,Chifeng,100,CN,1619800155,31,42.2683,118.9636,46.02,4.61
537,Vilnius,75,LT,1619800155,71,54.6892,25.2798,51.8,12.66
538,Gebog,84,ID,1619800156,87,-6.735,110.8444,75.04,2.91
539,Porto-Novo,40,BJ,1619800156,70,6.4965,2.6036,87.8,13.8
540,Beloha,42,MG,1619800157,73,-25.1667,45.05,73.47,6.51
541,Inongo,97,CD,1619800157,84,-1.95,18.2667,76.19,6.87
542,Prince Rupert,90,CA,1619800158,93,54.3161,-130.3201,44.6,11.5
543,Zaysan,100,KZ,1619800158,48,47.4667,84.8667,65.28,4.5
544,Makakilo City,1,US,1619800158,78,21.3469,-158.0858,73.4,4.61
545,Dandong,100,CN,1619800159,65,40.1292,124.3947,47.93,4.41
546,Krasnosel'kup,100,RU,1619800159,98,65.7,82.4667,34.47,14.63
547,Road Town,40,VG,1619800160,74,18.4167,-64.6167,82.4,10.36
548,Prainha,99,BR,1619800160,61,-1.8,-53.48,86.25,3.42
549,Dhārchula,100,IN,1619800161,68,29.85,80.5333,64.11,7.29
550,Kehl,90,DE,1619800161,71,48.573,7.8152,48.2,8.05
551,Merauke,99,ID,1619800162,88,-8.4667,140.3333,76.6,9.78
552,Matiri,86,TZ,1619800162,88,-10.75,34.9,64.06,3.13
553,Broome,90,US,1619800163,62,42.2506,-75.833,51.8,23.02
554,Ust-Tsilma,86,RU,1619800101,55,65.441,52.1498,38.43,4.59
555,Glendive,1,US,1619800163,39,47.1053,-104.7125,68.0,18.41
556,Dekar,5,BW,1619800164,36,-21.5333,21.9333,76.15,6.64
557,Hamilton,1,US,1619799964,42,39.1834,-84.5333,69.01,6.91
558,Oyón,7,PE,1619800164,45,-10.6681,-76.7731,55.9,4.16
559,Missoula,1,US,1619800016,35,47.0166,-113.8009,62.01,8.14
560,Leningradskiy,90,RU,1619800165,93,69.3833,178.4167,12.9,15.39
561,Dehlorān,0,IR,1619800166,13,32.6941,47.2679,90.95,7.18
562,Cascais,40,PT,1619800166,55,38.6979,-9.4215,64.0,18.41
563,Bonavista,63,CA,1619800166,62,48.6499,-53.1147,51.8,5.75
564,Samarai,53,PG,1619800167,78,-10.6167,150.6667,79.48,8.16
565,Kyra,16,RU,1619800167,61,49.5776,111.9753,30.87,6.42
566,Gravdal,40,NO,1619800168,60,68.1214,13.5031,35.6,12.66
567,Colac,8,AU,1619800168,79,-38.3333,143.5833,57.0,3.85
568,Sicuani,16,PE,1619800169,44,-14.2694,-71.2261,55.42,5.61
569,Willowmore,55,ZA,1619800169,53,-33.2926,23.4895,56.3,6.15
570,Pokhvistnevo,73,RU,1619800170,57,53.6524,52.1274,50.85,6.62
571,Pāsighāt,66,IN,1619800170,38,28.0667,95.3333,80.8,4.38
572,Jumla,100,NP,1619800171,87,29.2747,82.1838,52.79,2.1
573,Mnogovershinnyy,98,RU,1619800172,96,53.9353,139.9242,24.48,1.36
574,Khorixas,1,NA,1619800172,21,-20.3667,14.9667,84.38,12.75
575,Catherinas Lust,75,GY,1619800172,71,6.4,-57.6,82.24,6.35
576,Usinsk,97,RU,1619800173,60,65.9939,57.5281,37.45,12.44
577,Grand Gaube,9,MU,1619800173,82,-20.0064,57.6608,78.01,5.99
578,Harper,99,LR,1619800174,70,4.375,-7.7169,84.04,6.08
579,Barguzin,46,RU,1619800174,65,53.6167,109.6167,34.9,2.93
580,Weligama,45,LK,1619800034,86,5.9667,80.4167,79.0,4.38
581,Clovis,40,US,1619800038,28,36.8252,-119.7029,77.0,6.91
582,Nānākuli,1,US,1619800175,78,21.3906,-158.1547,69.8,4.61
583,San Rafael,41,AR,1619800044,35,-34.6177,-68.3301,72.52,10.36
584,North Bend,1,US,1619800176,76,43.4065,-124.2243,61.0,5.75
585,Imperial Beach,20,US,1619800177,46,32.5839,-117.1131,84.2,9.22
